{"cameraMode":{"drawMode":0,"name":"Shaded","section":"Shading Mode"},"sceneLighting":true,"audioPlay":false,"sceneViewState":{"showFog":false,"showMaterialUpdate":false,"showSkybox":false,"showFlares":false,"showImageEffects":false,"showParticleSystems":false},"in2DMode":false,"pivot":{"x":0.10238981246948242,"y":1.7338922023773194,"z":-0.9992971420288086},"rotation":{"x":-0.047047145664691928,"y":0.9298460483551025,"z":-0.12801161408424378,"w":-0.34173956513404848},"size":10.0,"orthographic":false}